"","text","favorited","favoriteCount","replyToSN","created","truncated","replyToSID","id","replyToUID","statusSource","screenName","retweetCount","isRetweet","retweeted","longitude","latitude","text.1","score","very.pos","very.neg","text.2","anger","disgust","fear","joy","sadness","surprise","emotion","pos","neg","pos_neg","polarity"
"354","I am looking for a No Fee HSA account! Any takers?

@WellsFargo @BofA_Help @Chase @RegionsNews @USAA_help @askBBT",FALSE,0,NA,"2015-01-27 20:56:59",FALSE,NA,560179684588003328,NA,"<a href=""http://tapbots.com/software/tweetbot/mac"" rel=""nofollow"">Tweetbot for Mac</a>","AlexWorkman",0,FALSE,FALSE,NA,NA,"I am looking for a No Fee HSA account! Any takers?

@WellsFargo @BofA_Help @Chase @RegionsNews @USAA_help @askBBT",0,0,0,"i am looking for a no fee hsa account any takers

     ","1.46871776464786","3.09234031207392","2.06783599555953","1.02547755260094","1.7277074477352","2.78695866252273","unknown","1.03127774142571","8.78232285939751","0.117426534862834","negative"
"2340","RT @vbierschwale: @USAA_help sure will - have already contacted ceo with no luck - samples of my work can be found here http://t.co/alPBHJw…",FALSE,0,NA,"2015-01-28 17:22:07",FALSE,NA,560487999612665856,NA,"<a href=""http://twitter.com"" rel=""nofollow"">Twitter Web Client</a>","MDI_LLC",1,TRUE,FALSE,NA,NA,"RT @vbierschwale: @USAA_help sure will - have already contacted ceo with no luck - samples of my work can be found here http://t.co/alPBHJw…",2,1,0," sure will  have already contacted ceo with no luck  samples of my work can be found here …","1.46871776464786","3.09234031207392","2.06783599555953","1.02547755260094","1.7277074477352","2.78695866252273","unknown","34.8080469355527","0.445453222112551","78.1407456667984","positive"
"2341","@USAA_help sure will - have already contacted ceo with no luck - samples of my work can be found here http://t.co/alPBHJw0LQ",FALSE,0,"USAA_help","2015-01-28 17:13:58",FALSE,560484231223463936,560485949663375360,16274102,"<a href=""http://twitter.com"" rel=""nofollow"">Twitter Web Client</a>","vbierschwale",1,FALSE,FALSE,NA,NA,"@USAA_help sure will - have already contacted ceo with no luck - samples of my work can be found here http://t.co/alPBHJw0LQ",2,1,0," sure will  have already contacted ceo with no luck  samples of my work can be found here ","1.46871776464786","3.09234031207392","2.06783599555953","1.02547755260094","1.7277074477352","2.78695866252273","unknown","34.8080469355527","0.445453222112551","78.1407456667984","positive"
"2342","@USAA_help I tried to follow the link you provided but none of the categories fit my situation.",FALSE,0,"USAA_help","2015-01-28 17:13:45",FALSE,560484953029640192,560485895607177216,16274102,"<a href=""http://twitter.com"" rel=""nofollow"">Twitter Web Client</a>","FGall03",0,FALSE,FALSE,NA,NA,"@USAA_help I tried to follow the link you provided but none of the categories fit my situation.",0,0,0," i tried to follow the link you provided but none of the categories fit my situation","7.34083555412328","3.09234031207392","2.06783599555953","1.02547755260094","1.7277074477352","2.78695866252273","anger","9.47547003995745","8.78232285939751","1.07892526745566","neutral"
"2343","@USAA_help I am being blocked from using the USAA GUI site because I filed for bankruptcy in 2011 which came on the advice of USAA reps.",FALSE,0,"USAA_help","2015-01-28 17:04:58",FALSE,560482339915333632,560483686286893056,16274102,"<a href=""http://twitter.com"" rel=""nofollow"">Twitter Web Client</a>","FGall03",0,FALSE,FALSE,NA,NA,"@USAA_help I am being blocked from using the USAA GUI site because I filed for bankruptcy in 2011 which came on the advice of USAA reps.",0,0,0," i am being blocked from using the usaa gui site because i filed for bankruptcy in 2011 which came on the advice of usaa reps","1.46871776464786","3.09234031207392","2.06783599555953","1.02547755260094","1.7277074477352","2.78695866252273","unknown","8.78232285939751","0.445453222112551","19.7154772340574","positive"
"2344","@USAA_help I don't want to call. I want you to fix it. Ticket was opened a month ago.",FALSE,0,"USAA_help","2015-01-28 16:58:55",FALSE,560477866434248704,560482162030682112,16274102,"<a href=""http://twitter.com/download/iphone"" rel=""nofollow"">Twitter for iPhone</a>","JenOsbon",0,FALSE,FALSE,-84.46085124,33.89741665,"@USAA_help I don't want to call. I want you to fix it. Ticket was opened a month ago.",0,0,0," i dont want to call i want you to fix it ticket was opened a month ago","1.46871776464786","3.09234031207392","2.06783599555953","1.02547755260094","1.7277074477352","2.78695866252273","unknown","9.47547003995745","9.47547003995745","1","neutral"
"2345","@USAA @USAA_help  @USAA DO U PLAN ON TALKING WITH ME ABOUT $585 BEING LOOTED FROM MY CHECKING ACCT??????????",FALSE,0,"MicRLane","2015-01-28 15:36:57",FALSE,560461356433166336,560461534913388544,575149470,"<a href=""http://twitter.com"" rel=""nofollow"">Twitter Web Client</a>","MicRLane",0,FALSE,FALSE,NA,NA,"@USAA @USAA_help  @USAA DO U PLAN ON TALKING WITH ME ABOUT $585 BEING LOOTED FROM MY CHECKING ACCT??????????",0,0,0,"    do u plan on talking with me about 585 being looted from my checking acct","1.46871776464786","3.09234031207392","2.06783599555953","1.02547755260094","1.7277074477352","2.78695866252273","unknown","1.03127774142571","0.445453222112551","2.31512017476245","positive"
"2346","@USAA @USAA_help #USAA REPS DO NOT CARE EITHER - BEEN ON HOLD FOR 105 MINUTES NOW - WILL THEY EVER GET BACK ON CALL????????",FALSE,0,"MicRLane","2015-01-28 15:36:14",FALSE,560461134495768576,560461356433166336,575149470,"<a href=""http://twitter.com"" rel=""nofollow"">Twitter Web Client</a>","MicRLane",0,FALSE,FALSE,NA,NA,"@USAA @USAA_help #USAA REPS DO NOT CARE EITHER - BEEN ON HOLD FOR 105 MINUTES NOW - WILL THEY EVER GET BACK ON CALL????????",0,0,0,"  usaa reps do not care either  been on hold for 105 minutes now  will they ever get back on call","1.46871776464786","3.09234031207392","2.06783599555953","7.34083555412328","7.34083555412328","7.34083555412327","joy","33.4217525744328","18.5054868578024","1.80604557076764","neutral"
"2348","@USAA want our $$ but when looted from our accts they too busy 2 make right @USAA_help SOME HELP - OPPOSITE!!!!",FALSE,0,"USAA","2015-01-28 15:28:46",FALSE,NA,560459477057826816,16584443,"<a href=""http://twitter.com"" rel=""nofollow"">Twitter Web Client</a>","MicRLane",0,FALSE,FALSE,NA,NA,"@USAA want our $$ but when looted from our accts they too busy 2 make right @USAA_help SOME HELP - OPPOSITE!!!!",1,0,0," want our  but when looted from our accts they too busy 2 make right  some help  opposite","1.46871776464786","3.09234031207392","2.06783599555953","1.02547755260094","1.7277074477352","2.78695866252273","unknown","24.9775602759011","8.78232285939751","2.84407219773","positive"
"2349","@USAA very lame - Cannot protect my checking acct from #identitytheft from India &amp; China @USAA_help Need 2 close #USAA accts obviously!!",FALSE,0,"USAA","2015-01-28 15:26:58",FALSE,NA,560459024710529024,16584443,"<a href=""http://twitter.com"" rel=""nofollow"">Twitter Web Client</a>","MicRLane",0,FALSE,FALSE,NA,NA,"@USAA very lame - Cannot protect my checking acct from #identitytheft from India &amp; China @USAA_help Need 2 close #USAA accts obviously!!",0,0,0," very lame  cannot protect my checking acct from identitytheft from india amp china  need 2 close usaa accts obviously","1.46871776464786","3.09234031207392","2.06783599555953","13.6561935556456","1.7277074477352","2.78695866252273","joy","8.78232285939751","34.4860789518123","0.25466284153873","negative"
"2350","@USAA sucks been w/ them 30 yrs They cannot protect my $585 from stolen from my acct #usaa acts like no big deal! @USAA_help",FALSE,0,"USAA","2015-01-28 15:26:09",FALSE,NA,560458819244150784,16584443,"<a href=""http://twitter.com"" rel=""nofollow"">Twitter Web Client</a>","MicRLane",0,FALSE,FALSE,NA,NA,"@USAA sucks been w/ them 30 yrs They cannot protect my $585 from stolen from my acct #usaa acts like no big deal! @USAA_help",0,0,0," sucks been w them 30 yrs they cannot protect my 585 from stolen from my acct usaa acts like no big deal ","1.46871776464786","3.09234031207392","2.06783599555953","13.6561935556456","1.7277074477352","2.78695866252273","joy","24.9775602759011","8.78232285939751","2.84407219773","positive"
"2351","@USAA - LAME still cannot protect my checking acct from #identitytheft from India/China @USAA_help Need 2 close #USAA accts obviously!!",FALSE,0,"USAA","2015-01-28 15:24:31",FALSE,NA,560458405278912512,16584443,"<a href=""http://twitter.com"" rel=""nofollow"">Twitter Web Client</a>","MicRLane",0,FALSE,FALSE,NA,NA,"@USAA - LAME still cannot protect my checking acct from #identitytheft from India/China @USAA_help Need 2 close #USAA accts obviously!!",0,0,0,"  lame still cannot protect my checking acct from identitytheft from indiachina  need 2 close usaa accts obviously","1.46871776464786","3.09234031207392","2.06783599555953","13.6561935556456","1.7277074477352","2.78695866252273","joy","8.78232285939751","34.4860789518123","0.25466284153873","negative"
"2352","@USAA so lame still cannot protect my checking acct from #identitytheft from India &amp; China @USAA_help Need 2 close #USAA accts obviously!!",FALSE,0,"USAA","2015-01-28 15:23:26",FALSE,NA,560458134352035840,16584443,"<a href=""http://twitter.com"" rel=""nofollow"">Twitter Web Client</a>","MicRLane",0,FALSE,FALSE,NA,NA,"@USAA so lame still cannot protect my checking acct from #identitytheft from India &amp; China @USAA_help Need 2 close #USAA accts obviously!!",0,0,0," so lame still cannot protect my checking acct from identitytheft from india amp china  need 2 close usaa accts obviously","1.46871776464786","3.09234031207392","2.06783599555953","13.6561935556456","1.7277074477352","2.78695866252273","joy","8.78232285939751","34.4860789518123","0.25466284153873","negative"
"2353","@USAA @USAA_help  #USAA so lame still cannot protect checking acct from #identitytheft from India/ ChinaThanks a lot usaa!",FALSE,0,"USAA","2015-01-28 15:22:00",FALSE,NA,560457774690471936,16584443,"<a href=""http://twitter.com"" rel=""nofollow"">Twitter Web Client</a>","MicRLane",0,FALSE,FALSE,NA,NA,"@USAA @USAA_help  #USAA so lame still cannot protect checking acct from #identitytheft from India/ ChinaThanks a lot usaa!",0,0,0,"   usaa so lame still cannot protect checking acct from identitytheft from india chinathanks a lot usaa","1.46871776464786","3.09234031207392","2.06783599555953","7.34083555412328","1.7277074477352","2.78695866252273","joy","8.78232285939751","8.78232285939751","1","neutral"
"2354","@USAA @USAA_help  #USAA so lame still cannot protect checking acct from #identitytheft from India Thanks a lot usaa!",FALSE,0,"USAA","2015-01-28 15:21:21",FALSE,NA,560457608587649024,16584443,"<a href=""http://twitter.com"" rel=""nofollow"">Twitter Web Client</a>","MicRLane",0,FALSE,FALSE,NA,NA,"@USAA @USAA_help  #USAA so lame still cannot protect checking acct from #identitytheft from India Thanks a lot usaa!",0,0,0,"   usaa so lame still cannot protect checking acct from identitytheft from india thanks a lot usaa","1.46871776464786","3.09234031207392","2.06783599555953","7.34083555412328","1.7277074477352","2.78695866252273","joy","8.78232285939751","8.78232285939751","1","neutral"
"2355","@TMobileHelp No ticket. Card was declined twice via ApplePay and then accepted when I swiped it. Rep said it was common w/ @USAA_help cards",FALSE,0,"TMobileHelp","2015-01-28 06:52:07",FALSE,560323364309725184,560329456275820544,185728888,"<a href=""http://www.echofon.com/"" rel=""nofollow"">Echofon</a>","MarkDMill",0,FALSE,FALSE,NA,NA,"@TMobileHelp No ticket. Card was declined twice via ApplePay and then accepted when I swiped it. Rep said it was common w/ @USAA_help cards",0,0,0," no ticket card was declined twice via applepay and then accepted when i swiped it rep said it was common w  cards","1.46871776464786","3.09234031207392","2.06783599555953","1.02547755260094","1.7277074477352","2.78695866252273","unknown","1.03127774142571","0.445453222112551","2.31512017476245","positive"
"2356","@USAA_help Apparently USAA cards routinely don't work with ApplePay at @TMobile stores. Rep said it was only USAA. Please investigate.",FALSE,1,"USAA_help","2015-01-28 06:01:07",FALSE,NA,560316620841549824,16274102,"<a href=""http://www.echofon.com/"" rel=""nofollow"">Echofon</a>","MarkDMill",0,FALSE,FALSE,NA,NA,"@USAA_help Apparently USAA cards routinely don't work with ApplePay at @TMobile stores. Rep said it was only USAA. Please investigate.",1,0,0," apparently usaa cards routinely dont work with applepay at  stores rep said it was only usaa please investigate","1.46871776464786","3.09234031207392","2.06783599555953","7.34083555412328","1.7277074477352","2.78695866252273","joy","17.9196623384892","0.445453222112551","40.2279329207804","positive"
"2357","@USAA_help It's amazing how long it takes for you to make contact.",FALSE,0,"USAA_help","2015-01-28 04:58:02",FALSE,557647426522451968,560300747058057216,16274102,"<a href=""http://twitter.com/download/iphone"" rel=""nofollow"">Twitter for iPhone</a>","LauraHall",0,FALSE,FALSE,NA,NA,"@USAA_help It's amazing how long it takes for you to make contact.",1,0,0," its amazing how long it takes for you to make contact","1.46871776464786","3.09234031207392","2.06783599555953","1.02547755260094","1.7277074477352","7.34083555412327","surprise","9.47547003995745","9.47547003995745","1","neutral"
"2358","RT @BigGirlCosmetic: @USAA_help A start would be covering my possessions lost in a house fire. We lost EVERYTHING &amp;the claim was denied pay…",FALSE,0,NA,"2015-01-28 04:56:53",FALSE,NA,560300455197044736,NA,"<a href=""http://twitter.com/download/iphone"" rel=""nofollow"">Twitter for iPhone</a>","TRoo90",1,TRUE,FALSE,NA,NA,"RT @BigGirlCosmetic: @USAA_help A start would be covering my possessions lost in a house fire. We lost EVERYTHING &amp;the claim was denied pay…",-3,0,1," a start would be covering my possessions lost in a house fire we lost everything ampthe claim was denied pay…","1.46871776464786","3.09234031207392","2.06783599555953","1.02547755260094","1.7277074477352","2.78695866252273","unknown","1.03127774142571","8.78232285939751","0.117426534862834","negative"
"2359","RT @BigGirlCosmetic: @USAA_help usaa I'm sorry but the ""little people"" aka your members will not go off into the distance without sharing y…",FALSE,0,NA,"2015-01-28 04:56:21",FALSE,NA,560300324934533120,NA,"<a href=""http://twitter.com/download/iphone"" rel=""nofollow"">Twitter for iPhone</a>","TRoo90",1,TRUE,FALSE,NA,NA,"RT @BigGirlCosmetic: @USAA_help usaa I'm sorry but the ""little people"" aka your members will not go off into the distance without sharing y…",-1,0,0," usaa im sorry but the little people aka your members will not go off into the distance without sharing y…","1.46871776464786","3.09234031207392","2.06783599555953","1.02547755260094","7.34083555412328","2.78695866252273","sadness","9.47547003995745","18.5054868578024","0.512035706640291","negative"
"2360","RT @BigGirlCosmetic: @USAA_help makes me wonder if I was blonde w/ blue eyes would the claim have been paid?! My family&amp; I were devastated …",FALSE,0,NA,"2015-01-28 04:56:15",FALSE,NA,560300298669797376,NA,"<a href=""http://twitter.com/download/iphone"" rel=""nofollow"">Twitter for iPhone</a>","TRoo90",1,TRUE,FALSE,NA,NA,"RT @BigGirlCosmetic: @USAA_help makes me wonder if I was blonde w/ blue eyes would the claim have been paid?! My family&amp; I were devastated …",0,0,0," makes me wonder if i was blonde w blue eyes would the claim have been paid my familyamp i were devastated …","1.46871776464786","3.09234031207392","2.06783599555953","1.02547755260094","7.34083555412328","7.34083555412327","sadness","9.47547003995745","9.47547003995745","1","neutral"
"2361","@USAA_help usaa I'm sorry but the ""little people"" aka your members will not go off into the distance without sharing your short comings!",FALSE,0,"USAA_help","2015-01-28 03:35:13",FALSE,560218103364468736,560279905150455808,16274102,"<a href=""http://twitter.com/download/iphone"" rel=""nofollow"">Twitter for iPhone</a>","BigGirlCosmetic",1,FALSE,FALSE,NA,NA,"@USAA_help usaa I'm sorry but the ""little people"" aka your members will not go off into the distance without sharing your short comings!",-1,0,0," usaa im sorry but the little people aka your members will not go off into the distance without sharing your short comings","1.46871776464786","3.09234031207392","2.06783599555953","1.02547755260094","7.34083555412328","2.78695866252273","sadness","9.47547003995745","18.5054868578024","0.512035706640291","negative"
"2362","@USAA_help makes me wonder if I was blonde w/ blue eyes would the claim have been paid?! My family&amp; I were devastated &amp; USAA wasn't there",FALSE,0,"USAA_help","2015-01-28 03:27:28",FALSE,560218103364468736,560277956401324032,16274102,"<a href=""http://twitter.com/download/iphone"" rel=""nofollow"">Twitter for iPhone</a>","BigGirlCosmetic",1,FALSE,FALSE,NA,NA,"@USAA_help makes me wonder if I was blonde w/ blue eyes would the claim have been paid?! My family&amp; I were devastated &amp; USAA wasn't there",0,0,0," makes me wonder if i was blonde w blue eyes would the claim have been paid my familyamp i were devastated amp usaa wasnt there","1.46871776464786","3.09234031207392","2.06783599555953","1.02547755260094","7.34083555412328","7.34083555412327","sadness","9.47547003995745","9.47547003995745","1","neutral"
"2363","@USAA_help A start would be covering my possessions lost in a house fire. We lost EVERYTHING &amp;the claim was denied payment.",FALSE,0,"USAA_help","2015-01-28 03:24:30",FALSE,560218103364468736,560277208720478208,16274102,"<a href=""http://twitter.com/download/iphone"" rel=""nofollow"">Twitter for iPhone</a>","BigGirlCosmetic",1,FALSE,FALSE,NA,NA,"@USAA_help A start would be covering my possessions lost in a house fire. We lost EVERYTHING &amp;the claim was denied payment.",-3,0,1," a start would be covering my possessions lost in a house fire we lost everything ampthe claim was denied payment","1.46871776464786","3.09234031207392","2.06783599555953","1.02547755260094","1.7277074477352","2.78695866252273","unknown","1.03127774142571","8.78232285939751","0.117426534862834","negative"
"2364","@USAA_help Where can I find info on those who you have partnered with? I do not see it on that page.",FALSE,0,"USAA_help","2015-01-27 23:36:10",FALSE,560219498788425728,560219747266994176,16274102,"<a href=""http://tapbots.com/software/tweetbot/mac"" rel=""nofollow"">Tweetbot for Mac</a>","AlexWorkman",0,FALSE,FALSE,NA,NA,"@USAA_help Where can I find info on those who you have partnered with? I do not see it on that page.",0,0,0," where can i find info on those who you have partnered with i do not see it on that page","1.46871776464786","3.09234031207392","2.06783599555953","1.02547755260094","1.7277074477352","2.78695866252273","unknown","8.78232285939751","0.445453222112551","19.7154772340574","positive"
"2365","@USAA @USAA_help Just thanks for clearing up the problem. So much gratitude! This is why you're king of the hill!",FALSE,0,"USAA","2015-01-27 22:44:33",FALSE,NA,560206757667299328,16584443,"<a href=""http://twitter.com/download/android"" rel=""nofollow"">Twitter for Android</a>","SauceBroke",0,FALSE,FALSE,NA,NA,"@USAA @USAA_help Just thanks for clearing up the problem. So much gratitude! This is why you're king of the hill!",0,0,0,"  just thanks for clearing up the problem so much gratitude this is why youre king of the hill","1.46871776464786","3.09234031207392","2.06783599555953","1.02547755260094","1.7277074477352","2.78695866252273","unknown","26.3638546370209","8.78232285939751","3.00192273264133","positive"
"2366","@USAA_help ok done! Thanks!",FALSE,0,"USAA_help","2015-01-27 20:40:13",FALSE,560171720376844288,560175466510680064,16274102,"<a href=""http://twitter.com/download/iphone"" rel=""nofollow"">Twitter for iPhone</a>","AmandaMichelle",0,FALSE,FALSE,NA,NA,"@USAA_help ok done! Thanks!",0,0,0," ok done thanks","1.46871776464786","3.09234031207392","2.06783599555953","1.02547755260094","1.7277074477352","2.78695866252273","unknown","1.03127774142571","0.445453222112551","2.31512017476245","positive"
"2367","@USAA_help the menu options don't include my issue",FALSE,0,"USAA_help","2015-01-27 20:20:00",FALSE,560169316952584192,560170378367344640,16274102,"<a href=""http://twitter.com/download/iphone"" rel=""nofollow"">Twitter for iPhone</a>","AmandaMichelle",0,FALSE,FALSE,NA,NA,"@USAA_help the menu options don't include my issue",-1,0,0," the menu options dont include my issue","1.46871776464786","3.09234031207392","2.06783599555953","1.02547755260094","1.7277074477352","2.78695866252273","unknown","1.03127774142571","0.445453222112551","2.31512017476245","positive"
"2368","@USAA_help debit card keeps getting declined over past 48 hours",FALSE,0,"USAA_help","2015-01-27 16:22:11",FALSE,560110405360832512,560110530187513856,16274102,"<a href=""http://twitter.com/download/iphone"" rel=""nofollow"">Twitter for iPhone</a>","sirpmcd",0,FALSE,FALSE,NA,NA,"@USAA_help debit card keeps getting declined over past 48 hours",0,0,0," debit card keeps getting declined over past 48 hours","1.46871776464786","3.09234031207392","2.06783599555953","1.02547755260094","1.7277074477352","2.78695866252273","unknown","1.03127774142571","0.445453222112551","2.31512017476245","positive"
"2369","@USAA_help thank you",FALSE,0,"USAA_help","2015-01-27 16:18:45",FALSE,560105857376325632,560109667922100224,16274102,"<a href=""http://tapbots.com/tweetbot"" rel=""nofollow"">Tweetbot for i<U+039F>S</a>","MichiganQs",0,FALSE,FALSE,NA,NA,"@USAA_help thank you",1,0,0," thank you","1.46871776464786","3.09234031207392","2.06783599555953","1.02547755260094","1.7277074477352","2.78695866252273","unknown","9.47547003995745","0.445453222112551","21.2715265477714","positive"
"2370","@USAA_help had a problem, back up now. Thanks.",FALSE,1,"USAA_help","2015-01-27 16:13:32",FALSE,560107006498193408,560108353708625920,16274102,"<a href=""http://twitter.com/#!/download/ipad"" rel=""nofollow"">Twitter for iPad</a>","jyauman",0,FALSE,FALSE,NA,NA,"@USAA_help had a problem, back up now. Thanks.",-1,0,0," had a problem back up now thanks","1.46871776464786","3.09234031207392","2.06783599555953","1.02547755260094","1.7277074477352","2.78695866252273","unknown","8.78232285939751","8.78232285939751","1","neutral"
"2371",".@USAA_help Wondering why my account info online is almost four days old?!?",FALSE,0,NA,"2015-01-27 13:54:11",FALSE,NA,560073285639999488,NA,"<a href=""http://twitter.com"" rel=""nofollow"">Twitter Web Client</a>","JenniferKeegin",0,FALSE,FALSE,NA,NA,".@USAA_help Wondering why my account info online is almost four days old?!?",0,0,0," wondering why my account info online is almost four days old","1.46871776464786","3.09234031207392","2.06783599555953","1.02547755260094","1.7277074477352","2.78695866252273","unknown","8.78232285939751","8.78232285939751","1","neutral"
"2372","@USAA_help any update on account access?",FALSE,0,"USAA_help","2015-01-27 13:45:27",FALSE,NA,560071086164160512,16274102,"<a href=""http://twitter.com/#!/download/ipad"" rel=""nofollow"">Twitter for iPad</a>","jyauman",0,FALSE,FALSE,NA,NA,"@USAA_help any update on account access?",0,0,0," any update on account access","1.46871776464786","3.09234031207392","2.06783599555953","1.02547755260094","1.7277074477352","2.78695866252273","unknown","8.78232285939751","8.78232285939751","1","neutral"
"2373","@bpschoon RT @USAA_help: @snackmantis Thank you for the feedback! We are planning to test Touch ID this year. Stay tuned :)",FALSE,0,"bpschoon","2015-01-26 22:45:28",FALSE,NA,559844599238123520,210896793,"<a href=""http://tapbots.com/tweetbot"" rel=""nofollow"">Tweetbot for i<U+039F>S</a>","snackmantis",0,FALSE,FALSE,NA,NA,"@bpschoon RT @USAA_help: @snackmantis Thank you for the feedback! We are planning to test Touch ID this year. Stay tuned :)",1,0,0,"  thank you for the feedback we are planning to test touch id this year stay tuned ","1.46871776464786","3.09234031207392","2.06783599555953","1.02547755260094","1.7277074477352","2.78695866252273","unknown","9.47547003995745","9.47547003995745","1","neutral"
"2374","@USAA_help @USAA temp workaround to access accounts: log on, click My Profile &gt; Update Personal Info &gt; then click My Accounts.",FALSE,0,"USAA_help","2015-01-26 22:37:42",FALSE,NA,559842643824222208,16274102,"<a href=""http://twitter.com"" rel=""nofollow"">Twitter Web Client</a>","Adamentcause",0,FALSE,FALSE,NA,NA,"@USAA_help @USAA temp workaround to access accounts: log on, click My Profile &gt; Update Personal Info &gt; then click My Accounts.",0,0,0,"  temp workaround to access accounts log on click my profile gt update personal info gt then click my accounts","7.34083555412328","3.09234031207392","2.06783599555953","1.02547755260094","1.7277074477352","2.78695866252273","anger","32.7286053938729","0.445453222112551","73.4725977256562","positive"
"2375","@USAA_help thanks for the update! Glad to hear it's not just me.",FALSE,0,"USAA_help","2015-01-26 22:29:35",FALSE,559838533486411776,559840601772793856,16274102,"<a href=""http://twitter.com"" rel=""nofollow"">Twitter Web Client</a>","Adamentcause",0,FALSE,FALSE,NA,NA,"@USAA_help thanks for the update! Glad to hear it's not just me.",1,0,0," thanks for the update glad to hear its not just me","1.46871776464786","3.09234031207392","2.06783599555953","7.34083555412328","1.7277074477352","2.78695866252273","joy","17.9196623384892","0.445453222112551","40.2279329207804","positive"
"2376","RT @USAA_help: @easycapp Thank you for your membership! We are proud to serve you :)",FALSE,0,NA,"2015-01-26 22:23:04",FALSE,NA,559838961833496576,NA,"<a href=""http://twitter.com/download/iphone"" rel=""nofollow"">Twitter for iPhone</a>","easycapp",1,TRUE,FALSE,NA,NA,"RT @USAA_help: @easycapp Thank you for your membership! We are proud to serve you :)",2,1,0," thank you for your membership we are proud to serve you ","1.46871776464786","3.09234031207392","2.06783599555953","7.34083555412328","1.7277074477352","2.78695866252273","joy","17.9196623384892","0.445453222112551","40.2279329207804","positive"
"2377","@USAA_help Thank u :'''''')",FALSE,0,"USAA_help","2015-01-26 22:23:01",FALSE,559838622023946240,559838949552570368,16274102,"<a href=""http://twitter.com/download/iphone"" rel=""nofollow"">Twitter for iPhone</a>","easycapp",0,FALSE,FALSE,NA,NA,"@USAA_help Thank u :'''''')",1,0,0," thank u ","1.46871776464786","3.09234031207392","2.06783599555953","1.02547755260094","1.7277074477352","2.78695866252273","unknown","9.47547003995745","0.445453222112551","21.2715265477714","positive"
"2378","@USAA_help That's okay! <ed><U+00A0><U+00BD><ed><U+00B8><U+008A> no worries.",FALSE,0,"USAA_help","2015-01-26 21:21:44",FALSE,559823233323921408,559823527939817472,16274102,"<a href=""http://twitter.com/download/iphone"" rel=""nofollow"">Twitter for iPhone</a>","hannahvieiraxo",0,FALSE,FALSE,NA,NA,"@USAA_help That's okay! <ed><U+00A0><U+00BD><ed><U+00B8><U+008A> no worries.",-1,0,0," thats okay edu00a0u00bdedu00b8u008a no worries","1.46871776464786","3.09234031207392","2.06783599555953","1.02547755260094","1.7277074477352","2.78695866252273","unknown","8.78232285939751","9.47547003995745","0.926848253686942","negative"
"2379","@USAA_help As usual, world class customer service! Thanks for the update.",FALSE,0,"USAA_help","2015-01-26 20:04:35",FALSE,559784670515429376,559804112057823232,16274102,"<a href=""http://twitter.com"" rel=""nofollow"">Twitter Web Client</a>","SunSparc",0,FALSE,FALSE,NA,NA,"@USAA_help As usual, world class customer service! Thanks for the update.",0,0,0," as usual world class customer service thanks for the update","1.46871776464786","3.09234031207392","2.06783599555953","1.02547755260094","1.7277074477352","2.78695866252273","unknown","17.2265151579293","0.445453222112551","38.6718836070664","positive"
"2380","@USAA_help I appreciate the message back.  Thanks for taking care of your members.",FALSE,0,"USAA_help","2015-01-26 20:00:04",FALSE,559790374005530624,559802975091453952,16274102,"<a href=""http://twitter.com"" rel=""nofollow"">Twitter Web Client</a>","OneManWlfpack11",0,FALSE,FALSE,NA,NA,"@USAA_help I appreciate the message back.  Thanks for taking care of your members.",1,0,0," i appreciate the message back  thanks for taking care of your members","1.46871776464786","3.09234031207392","2.06783599555953","13.6561935556456","1.7277074477352","2.78695866252273","joy","24.9775602759011","0.445453222112551","56.0722406663613","positive"
"2381","@USAA_help to be the beneficiary of my father's service. Blessed. 26 years and counting. Thank you!!! #ltcoldaughter",FALSE,0,"USAA_help","2015-01-26 19:33:42",FALSE,559792365834350592,559796339521765376,16274102,"<a href=""http://twitter.com/download/iphone"" rel=""nofollow"">Twitter for iPhone</a>","FitDiva28",0,FALSE,FALSE,NA,NA,"@USAA_help to be the beneficiary of my father's service. Blessed. 26 years and counting. Thank you!!! #ltcoldaughter",2,1,0," to be the beneficiary of my fathers service blessed 26 years and counting thank you ltcoldaughter","1.46871776464786","3.09234031207392","2.06783599555953","1.02547755260094","1.7277074477352","2.78695866252273","unknown","17.9196623384892","0.445453222112551","40.2279329207804","positive"
"2382","Thanks! RT “@USAA_help: @tyronelsampson We have the best members in the world -- thank YOU for being one of them :)”",FALSE,0,"USAA_help","2015-01-26 19:28:54",FALSE,559739827751772160,559795132938350592,16274102,"<a href=""http://twitter.com/download/iphone"" rel=""nofollow"">Twitter for iPhone</a>","tyronelsampson",0,FALSE,FALSE,NA,NA,"Thanks! RT “@USAA_help: @tyronelsampson We have the best members in the world -- thank YOU for being one of them :)”",2,1,0,"thanks  we have the best members in the world  thank you for being one of them ”","1.46871776464786","3.09234031207392","2.06783599555953","1.02547755260094","1.7277074477352","2.78695866252273","unknown","26.3638546370209","0.445453222112551","59.1843392937894","positive"
"2383","@USAA_help please notify me once this issue is corrected, thanks!",FALSE,0,"USAA_help","2015-01-26 19:28:24",FALSE,559794466161438720,559795006018686976,16274102,"<a href=""http://twitter.com/download/iphone"" rel=""nofollow"">Twitter for iPhone</a>","LpBeats",0,FALSE,FALSE,NA,NA,"@USAA_help please notify me once this issue is corrected, thanks!",-1,0,0," please notify me once this issue is corrected thanks","1.46871776464786","3.09234031207392","2.06783599555953","7.34083555412328","1.7277074477352","2.78695866252273","joy","9.47547003995745","0.445453222112551","21.2715265477714","positive"
"2384","@USAA_help thank you!! All set now it seems. Phew",FALSE,0,"USAA_help","2015-01-26 19:27:58",FALSE,559784530526363648,559794895033212928,16274102,"<a href=""http://twitter.com/download/iphone"" rel=""nofollow"">Twitter for iPhone</a>","rebourneclothin",0,FALSE,FALSE,NA,NA,"@USAA_help thank you!! All set now it seems. Phew",1,0,0," thank you all set now it seems phew","1.46871776464786","3.09234031207392","2.06783599555953","1.02547755260094","1.7277074477352","2.78695866252273","unknown","9.47547003995745","0.445453222112551","21.2715265477714","positive"
"2385","RT @USAA_help: @chris_weis We are experiencing technical difficulties and aggressively working towards a solution. We apologize for any inc…",FALSE,0,NA,"2015-01-26 19:24:51",FALSE,NA,559794113038393344,NA,"<a href=""http://mobile.twitter.com"" rel=""nofollow"">Mobile Web</a>","chris_weis",1,TRUE,FALSE,NA,NA,"RT @USAA_help: @chris_weis We are experiencing technical difficulties and aggressively working towards a solution. We apologize for any inc…",-1,0,0," we are experiencing technical difficulties and aggressively working towards a solution we apologize for any inc…","1.46871776464786","3.09234031207392","2.06783599555953","1.02547755260094","1.7277074477352","2.78695866252273","unknown","1.03127774142571","8.78232285939751","0.117426534862834","negative"
"2386","@USAA_help having issues logging into the app! Any issues/outages?",FALSE,0,"USAA_help","2015-01-26 19:22:06",FALSE,NA,559793419560570880,16274102,"<a href=""http://twitter.com/download/iphone"" rel=""nofollow"">Twitter for iPhone</a>","chris_weis",0,FALSE,FALSE,-121.90758945,36.60557639,"@USAA_help having issues logging into the app! Any issues/outages?",-1,0,0," having issues logging into the app any issuesoutages","1.46871776464786","3.09234031207392","2.06783599555953","1.02547755260094","1.7277074477352","2.78695866252273","unknown","1.03127774142571","0.445453222112551","2.31512017476245","positive"
"2387","@USAA_help Ok. Just wanted to be sure I wasn't crazy :-p. Will you give a heads up when the system is back up?",FALSE,0,"USAA_help","2015-01-26 19:18:07",FALSE,559784134097514496,559792418334461952,16274102,"<a href=""http://twitter.com"" rel=""nofollow"">Twitter Web Client</a>","RichSingleMomma",0,FALSE,FALSE,NA,NA,"@USAA_help Ok. Just wanted to be sure I wasn't crazy :-p. Will you give a heads up when the system is back up?",-1,0,0," ok just wanted to be sure i wasnt crazy p will you give a heads up when the system is back up","1.46871776464786","3.09234031207392","2.06783599555953","1.02547755260094","1.7277074477352","2.78695866252273","unknown","34.1148997549927","9.47547003995745","3.60033851736456","positive"
"2388","@USAA_help appears to be fixed now.",FALSE,0,"USAA_help","2015-01-26 19:15:50",FALSE,559790623495319552,559791842041270272,16274102,"<a href=""http://twitter.com"" rel=""nofollow"">Twitter Web Client</a>","aaronsroth",0,FALSE,FALSE,NA,NA,"@USAA_help appears to be fixed now.",0,0,0," appears to be fixed now","1.46871776464786","3.09234031207392","2.06783599555953","1.02547755260094","1.7277074477352","2.78695866252273","unknown","1.03127774142571","0.445453222112551","2.31512017476245","positive"
"2389","@USAA_help you MUST tell people so they don't think it is only them. and POST ON FACEBOOK and here cuz EVERYONE is in the dark!!!!!!!!!!!",FALSE,1,"USAA_help","2015-01-26 19:12:21",FALSE,559790623495319552,559790968082538496,16274102,"<a href=""http://twitter.com"" rel=""nofollow"">Twitter Web Client</a>","aaronsroth",0,FALSE,FALSE,NA,NA,"@USAA_help you MUST tell people so they don't think it is only them. and POST ON FACEBOOK and here cuz EVERYONE is in the dark!!!!!!!!!!!",-1,0,0," you must tell people so they dont think it is only them and post on facebook and here cuz everyone is in the dark","1.46871776464786","3.09234031207392","2.06783599555953","1.02547755260094","7.34083555412328","2.78695866252273","sadness","9.47547003995745","8.78232285939751","1.07892526745566","neutral"
"2390","@USAA_help Thank you for your response but that does not answer my question.",FALSE,0,"USAA_help","2015-01-26 19:11:47",FALSE,559788954686590976,559790822217224192,16274102,"<a href=""http://twitter.com/download/iphone"" rel=""nofollow"">Twitter for iPhone</a>","shellie9",0,FALSE,FALSE,NA,NA,"@USAA_help Thank you for your response but that does not answer my question.",1,0,0," thank you for your response but that does not answer my question","1.46871776464786","3.09234031207392","2.06783599555953","1.02547755260094","1.7277074477352","2.78695866252273","unknown","9.47547003995745","9.47547003995745","1","neutral"
"2391","@USAA_help Thanks for quick response. Maybe post a banner on web page with details? Many @USAA members in a panic.",FALSE,0,"USAA_help","2015-01-26 19:10:21",FALSE,559783200189599744,559790461783523328,16274102,"<a href=""http://tapbots.com/tweetbot"" rel=""nofollow"">Tweetbot for i<U+039F>S</a>","Jeezwhiz",0,FALSE,FALSE,NA,NA,"@USAA_help Thanks for quick response. Maybe post a banner on web page with details? Many @USAA members in a panic.",-1,0,0," thanks for quick response maybe post a banner on web page with details many  members in a panic","1.46871776464786","3.09234031207392","7.34083555412328","1.02547755260094","1.7277074477352","2.78695866252273","fear","9.47547003995745","9.47547003995745","1","neutral"
"2392","@USAA_help Thank you for taking such amazing care of all of us. Both Alexandria and Kevin were more helpful yesterday. #Grateful",FALSE,0,"USAA_help","2015-01-26 19:09:20",FALSE,559735449670152192,559790208636297216,16274102,"<a href=""http://twitter.com/download/iphone"" rel=""nofollow"">Twitter for iPhone</a>","FitDiva28",0,FALSE,FALSE,NA,NA,"@USAA_help Thank you for taking such amazing care of all of us. Both Alexandria and Kevin were more helpful yesterday. #Grateful",4,1,0," thank you for taking such amazing care of all of us both alexandria and kevin were more helpful yesterday grateful","1.46871776464786","3.09234031207392","2.06783599555953","7.34083555412328","1.7277074477352","7.34083555412327","joy","41.8659448729645","0.445453222112551","93.9850534123793","positive"
"2393","@USAA_help what is going on with the bank?! i'm customer and both online and phone system down/won't accept calls? are you hacked or what?!?",FALSE,0,"USAA_help","2015-01-26 19:09:17",FALSE,NA,559790194472538112,16274102,"<a href=""http://twitter.com"" rel=""nofollow"">Twitter Web Client</a>","aaronsroth",0,FALSE,FALSE,NA,NA,"@USAA_help what is going on with the bank?! i'm customer and both online and phone system down/won't accept calls? are you hacked or what?!?",0,0,0," what is going on with the bank im customer and both online and phone system downwont accept calls are you hacked or what","1.46871776464786","3.09234031207392","2.06783599555953","1.02547755260094","1.7277074477352","2.78695866252273","unknown","8.78232285939751","8.78232285939751","1","neutral"
"2394","RT @USAA_help: @FitDiva28 Thank you for trusting us with your business. Your financial security is our top priority!",FALSE,0,NA,"2015-01-26 19:07:44",FALSE,NA,559789803311357952,NA,"<a href=""http://twitter.com/download/iphone"" rel=""nofollow"">Twitter for iPhone</a>","FitDiva28",1,TRUE,FALSE,NA,NA,"RT @USAA_help: @FitDiva28 Thank you for trusting us with your business. Your financial security is our top priority!",3,1,0," thank you for trusting us with your business your financial security is our top priority","1.46871776464786","3.09234031207392","2.06783599555953","1.02547755260094","1.7277074477352","7.34083555412327","surprise","33.4217525744328","0.445453222112551","75.0286470393703","positive"
"2395","@USAA_help No worries. Just wanted to make sure I wasn't the only one locked out. Better to have the doors shut tight than wide open.<ed><U+00A0><U+00BD><ed><U+00B8><U+0083>",FALSE,0,"USAA_help","2015-01-26 19:05:00",FALSE,559788367962181632,559789118277054464,16274102,"<a href=""http://twitter.com/download/iphone"" rel=""nofollow"">Twitter for iPhone</a>","jyauman",0,FALSE,FALSE,-76.46955895,38.2796009,"@USAA_help No worries. Just wanted to make sure I wasn't the only one locked out. Better to have the doors shut tight than wide open.<ed><U+00A0><U+00BD><ed><U+00B8><U+0083>",0,0,0," no worries just wanted to make sure i wasnt the only one locked out better to have the doors shut tight than wide openedu00a0u00bdedu00b8u0083","1.46871776464786","3.09234031207392","2.06783599555953","1.02547755260094","1.7277074477352","2.78695866252273","unknown","34.1148997549927","9.47547003995745","3.60033851736456","positive"
"2396","@USAA_help thanks guys. Can you notify when resolved?",FALSE,0,"USAA_help","2015-01-26 19:04:47",FALSE,559787913442238464,559789064212447232,16274102,"<a href=""http://twitter.com/download/iphone"" rel=""nofollow"">Twitter for iPhone</a>","Trevormknight",0,FALSE,FALSE,NA,NA,"@USAA_help thanks guys. Can you notify when resolved?",0,0,0," thanks guys can you notify when resolved","1.46871776464786","3.09234031207392","2.06783599555953","1.02547755260094","1.7277074477352","2.78695866252273","unknown","8.78232285939751","0.445453222112551","19.7154772340574","positive"
"2397","@USAA_help awesome, as long as my identity is not being stolen, all is good :) thanks for tweeting back to me!",FALSE,0,"USAA_help","2015-01-26 19:04:01",FALSE,559788704693518336,559788871483797504,16274102,"<a href=""http://twitter.com"" rel=""nofollow"">Twitter Web Client</a>","jenneraub",0,FALSE,FALSE,0,0,"@USAA_help awesome, as long as my identity is not being stolen, all is good :) thanks for tweeting back to me!",1,0,0," awesome as long as my identity is not being stolen all is good  thanks for tweeting back to me","1.46871776464786","3.09234031207392","2.06783599555953","7.34083555412328","1.7277074477352","2.78695866252273","joy","24.9775602759011","17.8123396772424","1.40226161910741","neutral"
"2398","@USAA @USAA_help state of emergency declared in my area. If you had released the funds immediately I would have food and water today.",FALSE,0,"USAA","2015-01-26 19:03:06",FALSE,NA,559788640747130880,16584443,"<a href=""http://twitter.com/download/android"" rel=""nofollow"">Twitter for Android</a>","SauceBroke",0,FALSE,FALSE,NA,NA,"@USAA @USAA_help state of emergency declared in my area. If you had released the funds immediately I would have food and water today.",-1,0,0,"  state of emergency declared in my area if you had released the funds immediately i would have food and water today","1.46871776464786","3.09234031207392","2.06783599555953","1.02547755260094","1.7277074477352","2.78695866252273","unknown","9.47547003995745","0.445453222112551","21.2715265477714","positive"
"2399","@USAA_help looks like services are down. Any update?",FALSE,0,"USAA_help","2015-01-26 18:59:54",FALSE,559777059036479488,559787831561052160,16274102,"<a href=""http://twitter.com/download/iphone"" rel=""nofollow"">Twitter for iPhone</a>","jyauman",0,FALSE,FALSE,-76.46978324,38.27940563,"@USAA_help looks like services are down. Any update?",1,0,0," looks like services are down any update","1.46871776464786","3.09234031207392","2.06783599555953","7.34083555412328","1.7277074477352","2.78695866252273","joy","9.47547003995745","0.445453222112551","21.2715265477714","positive"
"2400","@USAA_help... What's going in the the website and phone access?",FALSE,0,"USAA_help","2015-01-26 18:59:26",FALSE,NA,559787717119066112,16274102,"<a href=""https://mobile.twitter.com"" rel=""nofollow"">Mobile Web (M5)</a>","brinag00",0,FALSE,FALSE,NA,NA,"@USAA_help... What's going in the the website and phone access?",0,0,0," whats going in the the website and phone access","1.46871776464786","3.09234031207392","2.06783599555953","1.02547755260094","1.7277074477352","2.78695866252273","unknown","8.78232285939751","0.445453222112551","19.7154772340574","positive"
"2401","@USAA_help What is the issue???",FALSE,0,"USAA_help","2015-01-26 18:57:15",FALSE,NA,559787167774699520,16274102,"<a href=""http://twitter.com/download/iphone"" rel=""nofollow"">Twitter for iPhone</a>","shellie9",0,FALSE,FALSE,NA,NA,"@USAA_help What is the issue???",-1,0,0," what is the issue","1.46871776464786","3.09234031207392","2.06783599555953","1.02547755260094","1.7277074477352","2.78695866252273","unknown","1.03127774142571","0.445453222112551","2.31512017476245","positive"
"2402","@bpschoon @USAA_help oh yeah we want TouchID support for the app on the iPhone!",FALSE,1,"bpschoon","2015-01-26 18:56:41",FALSE,559786853763915776,559787022634598400,210896793,"<a href=""http://tapbots.com/software/tweetbot/mac"" rel=""nofollow"">Tweetbot for Mac</a>","snackmantis",0,FALSE,FALSE,NA,NA,"@bpschoon @USAA_help oh yeah we want TouchID support for the app on the iPhone!",1,0,0,"  oh yeah we want touchid support for the app on the iphone","1.46871776464786","3.09234031207392","2.06783599555953","1.02547755260094","1.7277074477352","2.78695866252273","unknown","17.9196623384892","0.445453222112551","40.2279329207804","positive"
"2403","@snackmantis @USAA_help Laura, please ask about TouchID support for the app on the iPhone.",FALSE,0,"snackmantis","2015-01-26 18:56:00",FALSE,559784575409197056,559786853763915776,14594204,"<a href=""http://twitterrific.com"" rel=""nofollow"">Twitterrific</a>","bpschoon",0,FALSE,FALSE,NA,NA,"@snackmantis @USAA_help Laura, please ask about TouchID support for the app on the iPhone.",1,0,0,"  laura please ask about touchid support for the app on the iphone","1.46871776464786","3.09234031207392","2.06783599555953","7.34083555412328","1.7277074477352","2.78695866252273","joy","17.9196623384892","9.47547003995745","1.89116342122587","neutral"
"2404","@USAA_help uh no. I lost my patience after waiting on hold for 20 minutes for my call to be dropped while being transferred.",FALSE,0,"USAA_help","2015-01-26 18:55:41",FALSE,559784931329843200,559786771391979520,16274102,"<a href=""http://twitter.com"" rel=""nofollow"">Twitter Web Client</a>","jenn_loss",0,FALSE,FALSE,NA,NA,"@USAA_help uh no. I lost my patience after waiting on hold for 20 minutes for my call to be dropped while being transferred.",0,0,0," uh no i lost my patience after waiting on hold for 20 minutes for my call to be dropped while being transferred","1.46871776464786","3.09234031207392","2.06783599555953","1.02547755260094","1.7277074477352","2.78695866252273","unknown","9.47547003995745","17.8123396772424","0.531961000724885","negative"
"2405","@USAA_help @kayluhb Then why don't you release a statement or something?  I mean it's not that big of a deal, just all of our money.",FALSE,1,"USAA_help","2015-01-26 18:55:13",FALSE,559786212043816960,559786653573992448,16274102,"<a href=""http://twitter.com"" rel=""nofollow"">Twitter Web Client</a>","CapitolEthan",0,FALSE,FALSE,NA,NA,"@USAA_help @kayluhb Then why don't you release a statement or something?  I mean it's not that big of a deal, just all of our money.",0,0,0,"  then why dont you release a statement or something  i mean its not that big of a deal just all of our money","1.46871776464786","3.09234031207392","2.06783599555953","1.02547755260094","1.7277074477352","2.78695866252273","unknown","17.2265151579293","9.47547003995745","1.81801167491282","neutral"
"2406","FYI... @USAA @USAA_help Systems are down. Can't access accounts online or on app. I called they say 45m- hour before resolved",FALSE,0,NA,"2015-01-26 18:54:53",FALSE,NA,559786572070260736,NA,"<a href=""http://tapbots.com/tweetbot"" rel=""nofollow"">Tweetbot for i<U+039F>S</a>","MrQRuku",0,FALSE,FALSE,NA,NA,"FYI... @USAA @USAA_help Systems are down. Can't access accounts online or on app. I called they say 45m- hour before resolved",0,0,0,"fyi   systems are down cant access accounts online or on app i called they say 45m hour before resolved","1.46871776464786","3.09234031207392","2.06783599555953","1.02547755260094","1.7277074477352","2.78695866252273","unknown","16.5333679773693","0.445453222112551","37.1158342933523","positive"
"2407","@USAA_help awesome. you know what else’d be cool? if getting an ins quote via auto circle, auto-populate the details!",FALSE,0,"USAA_help","2015-01-26 18:54:50",FALSE,559782345725997056,559786558581374976,16274102,"<a href=""https://about.twitter.com/products/tweetdeck"" rel=""nofollow"">TweetDeck</a>","AmandaMichelle",0,FALSE,FALSE,NA,NA,"@USAA_help awesome. you know what else’d be cool? if getting an ins quote via auto circle, auto-populate the details!",2,1,0," awesome you know what else’d be cool if getting an ins quote via auto circle autopopulate the details","1.46871776464786","3.09234031207392","2.06783599555953","1.02547755260094","1.7277074477352","2.78695866252273","unknown","17.9196623384892","0.445453222112551","40.2279329207804","positive"
"2408","@USAA_help I can't log into my account. My PIN number is not being accepted. I try calling for help &amp; I keep getting a ""call failed"".",FALSE,0,"USAA_help","2015-01-26 18:54:17",FALSE,NA,559786419879960576,16274102,"<a href=""http://twitter.com/download/iphone"" rel=""nofollow"">Twitter for iPhone</a>","jose_collado77",0,FALSE,FALSE,NA,NA,"@USAA_help I can't log into my account. My PIN number is not being accepted. I try calling for help &amp; I keep getting a ""call failed"".",-1,0,0," i cant log into my account my pin number is not being accepted i try calling for help amp i keep getting a call failed","1.46871776464786","3.09234031207392","2.06783599555953","1.02547755260094","1.7277074477352","2.78695866252273","unknown","16.5333679773693","26.1492093145274","0.632270283147112","negative"
"2409","@USAA_help Roger that, when your phones said you couldn't verify me as a member I went all O.o; but I guess I'll log later to see whats up",FALSE,0,"USAA_help","2015-01-26 18:54:15",FALSE,559786038034722816,559786410333716480,16274102,"<a href=""http://twitter.com"" rel=""nofollow"">Twitter Web Client</a>","TheDarcestheart",0,FALSE,FALSE,NA,NA,"@USAA_help Roger that, when your phones said you couldn't verify me as a member I went all O.o; but I guess I'll log later to see whats up",0,0,0," roger that when your phones said you couldnt verify me as a member i went all oo but i guess ill log later to see whats up","1.46871776464786","3.09234031207392","2.06783599555953","1.02547755260094","1.7277074477352","2.78695866252273","unknown","8.78232285939751","8.78232285939751","1","neutral"
"2410","@USAA_help @USAA is there an issue with the website and phone app?  I need to access my accounts.",FALSE,0,"USAA_help","2015-01-26 18:52:20",FALSE,NA,559785927971995648,16274102,"<a href=""http://twitter.com/download/iphone"" rel=""nofollow"">Twitter for iPhone</a>","chrissnipes",0,FALSE,FALSE,NA,NA,"@USAA_help @USAA is there an issue with the website and phone app?  I need to access my accounts.",-1,0,0,"  is there an issue with the website and phone app  i need to access my accounts","1.46871776464786","3.09234031207392","2.06783599555953","1.02547755260094","1.7277074477352","2.78695866252273","unknown","8.78232285939751","8.78232285939751","1","neutral"
"2411","RT @USAA_help: @tiffany_smitha We are happy to help! Hope you are back up and running now :)",FALSE,0,NA,"2015-01-26 18:48:32",FALSE,NA,559784973163839488,NA,"<a href=""http://twitter.com/download/iphone"" rel=""nofollow"">Twitter for iPhone</a>","tiffany_smitha",1,TRUE,FALSE,NA,NA,"RT @USAA_help: @tiffany_smitha We are happy to help! Hope you are back up and running now :)",1,0,0," we are happy to help hope you are back up and running now ","1.46871776464786","3.09234031207392","2.06783599555953","7.34083555412328","1.7277074477352","2.78695866252273","joy","33.4217525744328","0.445453222112551","75.0286470393703","positive"
"2412","@USAA_help No worries, I still love you! Just wanted to make sure it wasn’t me.",FALSE,0,"USAA_help","2015-01-26 18:46:57",FALSE,559783439067779072,559784575409197056,16274102,"<a href=""http://tapbots.com/software/tweetbot/mac"" rel=""nofollow"">Tweetbot for Mac</a>","snackmantis",0,FALSE,FALSE,NA,NA,"@USAA_help No worries, I still love you! Just wanted to make sure it wasn’t me.",0,0,0," no worries i still love you just wanted to make sure it wasn’t me","1.46871776464786","3.09234031207392","2.06783599555953","7.34083555412328","1.7277074477352","2.78695866252273","joy","26.3638546370209","9.47547003995745","2.78232684245175","positive"
"2413","@USAA_help Problems with the app right now?  Can't validate pin",FALSE,0,"USAA_help","2015-01-26 18:45:20",FALSE,NA,559784166875602944,16274102,"<a href=""http://twitter.com"" rel=""nofollow"">Twitter Web Client</a>","realandyluten",0,FALSE,FALSE,NA,NA,"@USAA_help Problems with the app right now?  Can't validate pin",0,0,0," problems with the app right now  cant validate pin","1.46871776464786","3.09234031207392","2.06783599555953","1.02547755260094","1.7277074477352","2.78695866252273","unknown","8.78232285939751","8.78232285939751","1","neutral"
"2414","@USAA_help I need to make an important purchase this very instant and I can't because of your faulty system. Who is going to reimburse me?",FALSE,0,"USAA_help","2015-01-26 18:44:34",FALSE,NA,559783976425250816,16274102,"<a href=""http://twitter.com"" rel=""nofollow"">Twitter Web Client</a>","jenn_loss",0,FALSE,FALSE,NA,NA,"@USAA_help I need to make an important purchase this very instant and I can't because of your faulty system. Who is going to reimburse me?",0,0,0," i need to make an important purchase this very instant and i cant because of your faulty system who is going to reimburse me","1.46871776464786","3.09234031207392","2.06783599555953","1.02547755260094","1.7277074477352","2.78695866252273","unknown","8.78232285939751","17.1191924966825","0.513010345616444","negative"
"2415","@USAA_help @bcreativ2003 same here. and then i asked for a email to reset, and it sent me a blank email",FALSE,1,"USAA_help","2015-01-26 18:42:51",FALSE,559783277557714944,559783541115224064,16274102,"<a href=""http://twitter.com"" rel=""nofollow"">Twitter Web Client</a>","caston_says",0,FALSE,FALSE,NA,NA,"@USAA_help @bcreativ2003 same here. and then i asked for a email to reset, and it sent me a blank email",0,0,0,"  same here and then i asked for a email to reset and it sent me a blank email","1.46871776464786","3.09234031207392","2.06783599555953","1.02547755260094","1.7277074477352","2.78695866252273","unknown","1.03127774142571","0.445453222112551","2.31512017476245","positive"
"2416","@USAA @USAA_help What's going on with your phones and website?! disconnected 5 times. web tells me i dont know my PIN",FALSE,1,"USAA","2015-01-26 18:42:00",FALSE,NA,559783327142789120,16584443,"<a href=""http://twitter.com"" rel=""nofollow"">Twitter Web Client</a>","caston_says",0,FALSE,FALSE,NA,NA,"@USAA @USAA_help What's going on with your phones and website?! disconnected 5 times. web tells me i dont know my PIN",0,0,0,"  whats going on with your phones and website disconnected 5 times web tells me i dont know my pin","1.46871776464786","3.09234031207392","2.06783599555953","1.02547755260094","1.7277074477352","2.78695866252273","unknown","9.47547003995745","0.445453222112551","21.2715265477714","positive"
"2417","@USAA_help is your website having issues? I keep getting locked out at the Pin page and it won’t reset.",FALSE,0,"USAA_help","2015-01-26 18:39:46",FALSE,NA,559782766204563456,16274102,"<a href=""http://tapbots.com/software/tweetbot/mac"" rel=""nofollow"">Tweetbot for Mac</a>","snackmantis",0,FALSE,FALSE,NA,NA,"@USAA_help is your website having issues? I keep getting locked out at the Pin page and it won’t reset.",-1,0,0," is your website having issues i keep getting locked out at the pin page and it won’t reset","1.46871776464786","3.09234031207392","2.06783599555953","1.02547755260094","1.7277074477352","2.78695866252273","unknown","1.03127774142571","0.445453222112551","2.31512017476245","positive"
"2418","@USAA_help Thanks for fast response. Just got through to someone on the phone who was able to offer me a virtual paper bag to breathe in :)",FALSE,0,"USAA_help","2015-01-26 18:34:57",FALSE,559781103595433984,559781553497456640,16274102,"<a href=""http://twitter.com"" rel=""nofollow"">Twitter Web Client</a>","DresdenPlaid",0,FALSE,FALSE,NA,NA,"@USAA_help Thanks for fast response. Just got through to someone on the phone who was able to offer me a virtual paper bag to breathe in :)",1,0,0," thanks for fast response just got through to someone on the phone who was able to offer me a virtual paper bag to breathe in ","1.46871776464786","3.09234031207392","2.06783599555953","1.02547755260094","1.7277074477352","2.78695866252273","unknown","17.2265151579293","0.445453222112551","38.6718836070664","positive"
"2419","@USAA_help it says the number is not in service",FALSE,0,"USAA_help","2015-01-26 18:34:20",FALSE,559780958220857344,559781401332293632,16274102,"<a href=""http://twitter.com/download/iphone"" rel=""nofollow"">Twitter for iPhone</a>","AnnFeinstein01",0,FALSE,FALSE,NA,NA,"@USAA_help it says the number is not in service",0,0,0," it says the number is not in service","1.46871776464786","3.09234031207392","2.06783599555953","1.02547755260094","1.7277074477352","2.78695866252273","unknown","1.03127774142571","0.445453222112551","2.31512017476245","positive"
"2420","@USAA_help okay I can't get through on the phone either using 201-531-8722",FALSE,0,"USAA_help","2015-01-26 18:33:34",FALSE,559780958220857344,559781207618355200,16274102,"<a href=""http://twitter.com/download/iphone"" rel=""nofollow"">Twitter for iPhone</a>","AnnFeinstein01",0,FALSE,FALSE,NA,NA,"@USAA_help okay I can't get through on the phone either using 201-531-8722",0,0,0," okay i cant get through on the phone either using 2015318722","1.46871776464786","3.09234031207392","2.06783599555953","1.02547755260094","7.34083555412328","7.34083555412327","sadness","8.78232285939751","9.47547003995745","0.926848253686942","negative"
"2421","@USAA_help Just glad no information is compromised :) Thank you for such a timely response, as always. You all are the best.",FALSE,0,"USAA_help","2015-01-26 18:31:13",FALSE,559780457194479616,559780615260602368,16274102,"<a href=""http://twitter.com"" rel=""nofollow"">Twitter Web Client</a>","JakeStormoen",0,FALSE,FALSE,NA,NA,"@USAA_help Just glad no information is compromised :) Thank you for such a timely response, as always. You all are the best.",4,1,0," just glad no information is compromised  thank you for such a timely response as always you all are the best","1.46871776464786","3.09234031207392","2.06783599555953","7.34083555412328","1.7277074477352","2.78695866252273","joy","42.5590920535245","0.445453222112551","95.5411027260933","positive"
"2422","@USAA_help password suddenly not working and your phone lines seem to just hang up when we call.",FALSE,0,"USAA_help","2015-01-26 18:26:17",FALSE,NA,559779371884773376,16274102,"<a href=""http://twitter.com"" rel=""nofollow"">Twitter Web Client</a>","BarbaroActing",0,FALSE,FALSE,NA,NA,"@USAA_help password suddenly not working and your phone lines seem to just hang up when we call.",-1,0,0," password suddenly not working and your phone lines seem to just hang up when we call","1.46871776464786","3.09234031207392","7.34083555412328","1.02547755260094","7.34083555412328","2.78695866252273","fear","9.47547003995745","9.47547003995745","1","neutral"
"2423","@USAA_help Is there a problem with banking? I keep getting messages that my PIN is incorrect.",FALSE,1,"USAA_help","2015-01-26 18:25:45",FALSE,NA,559779237578964992,16274102,"<a href=""https://twitter.com/download/android"" rel=""nofollow"">Twitter for Android Tablets</a>","bcreativ2003",0,FALSE,FALSE,NA,NA,"@USAA_help Is there a problem with banking? I keep getting messages that my PIN is incorrect.",-2,0,1," is there a problem with banking i keep getting messages that my pin is incorrect","1.46871776464786","3.09234031207392","2.06783599555953","1.02547755260094","1.7277074477352","2.78695866252273","unknown","1.03127774142571","17.1191924966825","0.0602410272345239","negative"
"2424","@USAA @USAA_help what is going on with the website and phone lines?",FALSE,1,"USAA","2015-01-26 18:24:54",FALSE,NA,559779027331063808,16584443,"<a href=""http://twitter.com"" rel=""nofollow"">Twitter Web Client</a>","jelpernw",0,FALSE,FALSE,NA,NA,"@USAA @USAA_help what is going on with the website and phone lines?",0,0,0,"  what is going on with the website and phone lines","1.46871776464786","3.09234031207392","2.06783599555953","1.02547755260094","1.7277074477352","2.78695866252273","unknown","1.03127774142571","0.445453222112551","2.31512017476245","positive"
"2425","@USAA_help is the site down?",FALSE,0,"USAA_help","2015-01-26 18:23:44",FALSE,559777059036479488,559778730214584320,16274102,"<a href=""http://twitter.com/download/iphone"" rel=""nofollow"">Twitter for iPhone</a>","CorpAndCurv",0,FALSE,FALSE,NA,NA,"@USAA_help is the site down?",0,0,0," is the site down","1.46871776464786","3.09234031207392","2.06783599555953","1.02547755260094","1.7277074477352","2.78695866252273","unknown","1.03127774142571","0.445453222112551","2.31512017476245","positive"
"2426","@USAA_help Just like to add my voice to those locked out of their account because of ""invalid"" valid PINs.",FALSE,0,"USAA_help","2015-01-26 18:22:51",FALSE,NA,559778511343607808,16274102,"<a href=""https://about.twitter.com/products/tweetdeck"" rel=""nofollow"">TweetDeck</a>","KLNicholas",0,FALSE,FALSE,NA,NA,"@USAA_help Just like to add my voice to those locked out of their account because of ""invalid"" valid PINs.",0,0,0," just like to add my voice to those locked out of their account because of invalid valid pins","1.46871776464786","3.09234031207392","2.06783599555953","7.34083555412328","1.7277074477352","2.78695866252273","joy","25.670707456461","17.8123396772424","1.44117549528087","neutral"
"2427","@USAA_help Went to deposit mobile and it says my PIN is wrong…went to call and it rings twice then call fails, every time. Any ideas..? :(",FALSE,0,"USAA_help","2015-01-26 18:20:38",FALSE,NA,559777953458843648,16274102,"<a href=""http://twitter.com"" rel=""nofollow"">Twitter Web Client</a>","JakeStormoen",0,FALSE,FALSE,NA,NA,"@USAA_help Went to deposit mobile and it says my PIN is wrong…went to call and it rings twice then call fails, every time. Any ideas..? :(",-1,0,0," went to deposit mobile and it says my pin is wrong…went to call and it rings twice then call fails every time any ideas ","1.46871776464786","3.09234031207392","2.06783599555953","1.02547755260094","1.7277074477352","2.78695866252273","unknown","1.03127774142571","9.47547003995745","0.108836578774127","negative"
"2428","@USAA_help is your app not working? #frustrated",FALSE,0,"USAA_help","2015-01-26 18:19:48",FALSE,NA,559777742213091328,16274102,"<a href=""http://twitter.com"" rel=""nofollow"">Twitter Web Client</a>","HslingMom",0,FALSE,FALSE,NA,NA,"@USAA_help is your app not working? #frustrated",-1,0,0," is your app not working frustrated","7.34083555412328","3.09234031207392","2.06783599555953","1.02547755260094","1.7277074477352","2.78695866252273","anger","1.03127774142571","9.47547003995745","0.108836578774127","negative"
"2429","“@USAA_help: @TLand003 We love you, too, and we are proud to serve you!” #amazing #customerservice #thebest",FALSE,0,"USAA_help","2015-01-26 17:12:19",FALSE,559746936916680704,559760761120358400,16274102,"<a href=""http://twitter.com/download/iphone"" rel=""nofollow"">Twitter for iPhone</a>","TLand003",0,FALSE,FALSE,NA,NA,"“@USAA_help: @TLand003 We love you, too, and we are proud to serve you!” #amazing #customerservice #thebest",3,1,0,"“  we love you too and we are proud to serve you” amazing customerservice thebest","1.46871776464786","3.09234031207392","2.06783599555953","13.6561935556456","1.7277074477352","7.34083555412327","joy","26.3638546370209","0.445453222112551","59.1843392937894","positive"
"2430","@USAA_help already did that last week. No reply. Usually very helpful, feeling stonewalled now.",FALSE,0,"USAA_help","2015-01-26 16:39:16",FALSE,559730406455803904,559752441898762240,16274102,"<a href=""http://twitter.com/download/android"" rel=""nofollow"">Twitter for Android</a>","SauceBroke",0,FALSE,FALSE,NA,NA,"@USAA_help already did that last week. No reply. Usually very helpful, feeling stonewalled now.",1,0,0," already did that last week no reply usually very helpful feeling stonewalled now","1.46871776464786","3.09234031207392","2.06783599555953","1.02547755260094","1.7277074477352","2.78695866252273","unknown","8.78232285939751","9.47547003995745","0.926848253686942","negative"
"2431","@USAA_help appears this is an interoperability issue with @IGGsoftware's iBank. They will be in contact to fix. Appreciate your quick help",FALSE,0,"USAA_help","2015-01-26 16:35:17",FALSE,559729957342298112,559751439376203776,16274102,"<a href=""http://twitter.com/download/iphone"" rel=""nofollow"">Twitter for iPhone</a>","PhilHagen",0,FALSE,FALSE,-75.09648941,38.70993811,"@USAA_help appears this is an interoperability issue with @IGGsoftware's iBank. They will be in contact to fix. Appreciate your quick help",0,0,0," appears this is an interoperability issue with s ibank they will be in contact to fix appreciate your quick help","1.46871776464786","3.09234031207392","2.06783599555953","7.34083555412328","1.7277074477352","2.78695866252273","joy","34.1148997549927","0.445453222112551","76.5846963530843","positive"
"2432","@USAA_help that link doesn't work: http://t.co/fQMHIYj6hK",FALSE,0,"USAA_help","2015-01-26 16:33:54",FALSE,559748101821706240,559751090275893248,16274102,"<a href=""http://twitter.com/download/iphone"" rel=""nofollow"">Twitter for iPhone</a>","JonahSaesan",0,FALSE,FALSE,NA,NA,"@USAA_help that link doesn't work: http://t.co/fQMHIYj6hK",1,0,0," that link doesnt work ","1.46871776464786","3.09234031207392","2.06783599555953","1.02547755260094","1.7277074477352","2.78695866252273","unknown","9.47547003995745","0.445453222112551","21.2715265477714","positive"
"2433","@USAA_help #FAIL #EpicFAIL #Code15500 It's as if y'all r determined 2make impossible 4 me 2plan &amp; implement a financial strategy &amp; tactical",FALSE,0,"USAA_help","2015-01-26 16:29:23",FALSE,559745780458979328,559749952889294848,16274102,"<a href=""http://twitter.com"" rel=""nofollow"">Twitter Web Client</a>","Max_Daddy_DC",0,FALSE,FALSE,NA,NA,"@USAA_help #FAIL #EpicFAIL #Code15500 It's as if y'all r determined 2make impossible 4 me 2plan &amp; implement a financial strategy &amp; tactical",-2,0,1," fail epicfail code15500 its as if yall r determined 2make impossible 4 me 2plan amp implement a financial strategy amp tactical","1.46871776464786","3.09234031207392","2.06783599555953","1.02547755260094","1.7277074477352","2.78695866252273","unknown","1.03127774142571","17.1191924966825","0.0602410272345239","negative"
"2434","RT @USAA_help: @Crojas0214 Thank you for the shout out, but most of all, thank you for being a member!",FALSE,0,NA,"2015-01-26 15:16:48",FALSE,NA,559731690508410880,NA,"<a href=""http://twitter.com/download/iphone"" rel=""nofollow"">Twitter for iPhone</a>","Crojas0214",1,TRUE,FALSE,NA,NA,"RT @USAA_help: @Crojas0214 Thank you for the shout out, but most of all, thank you for being a member!",2,1,0," thank you for the shout out but most of all thank you for being a member","1.46871776464786","3.09234031207392","2.06783599555953","1.02547755260094","1.7277074477352","2.78695866252273","unknown","9.47547003995745","0.445453222112551","21.2715265477714","positive"
"2435","@USAA_help never got help from you",FALSE,0,"USAA_help","2015-01-25 23:30:26",FALSE,558710086521327616,559493527013699584,16274102,"<a href=""http://twitter.com/download/android"" rel=""nofollow"">Twitter for Android</a>","SauceBroke",0,FALSE,FALSE,NA,NA,"@USAA_help never got help from you",0,0,0," never got help from you","1.46871776464786","3.09234031207392","2.06783599555953","1.02547755260094","1.7277074477352","2.78695866252273","unknown","8.78232285939751","0.445453222112551","19.7154772340574","positive"
"2436","@USAA_help is OFX access down? Been getting ""error 2000"" since at least yesterday",FALSE,0,"USAA_help","2015-01-25 21:00:56",FALSE,NA,559455903804829696,16274102,"<a href=""http://twitter.com"" rel=""nofollow"">Twitter Web Client</a>","PhilHagen",0,FALSE,FALSE,NA,NA,"@USAA_help is OFX access down? Been getting ""error 2000"" since at least yesterday",-1,0,0," is ofx access down been getting error 2000 since at least yesterday","1.46871776464786","3.09234031207392","2.06783599555953","1.02547755260094","1.7277074477352","2.78695866252273","unknown","8.78232285939751","17.1191924966825","0.513010345616444","negative"
"2437","@USAA_help - what's up with your web site?",FALSE,0,"USAA_help","2015-01-25 20:50:04",FALSE,NA,559453171039629312,16274102,"<a href=""http://twitter.com/download/iphone"" rel=""nofollow"">Twitter for iPhone</a>","skreydin",0,FALSE,FALSE,NA,NA,"@USAA_help - what's up with your web site?",0,0,0,"  whats up with your web site","1.46871776464786","3.09234031207392","2.06783599555953","1.02547755260094","1.7277074477352","2.78695866252273","unknown","1.03127774142571","0.445453222112551","2.31512017476245","positive"
"2438","@USAA_help not even the common courtesy of a phone call! Just an email to pull the plug on your insurance claim! VERY UNPROFESSIONAL!",FALSE,0,"USAA_help","2015-01-25 08:33:07",FALSE,NA,559267711570546688,16274102,"<a href=""http://twitter.com"" rel=""nofollow"">Twitter Web Client</a>","bork907",0,FALSE,FALSE,NA,NA,"@USAA_help not even the common courtesy of a phone call! Just an email to pull the plug on your insurance claim! VERY UNPROFESSIONAL!",0,0,0," not even the common courtesy of a phone call just an email to pull the plug on your insurance claim very unprofessional","1.46871776464786","3.09234031207392","2.06783599555953","1.02547755260094","1.7277074477352","2.78695866252273","unknown","25.670707456461","9.47547003995745","2.70917509613869","positive"
"2439","@USAA_help As if lousy auto loan and auto insurance service weren't bad enough, now you people are trying to weasel out on my renters' ins.!",FALSE,0,"USAA_help","2015-01-25 08:14:36",FALSE,NA,559263049182228480,16274102,"<a href=""http://twitter.com"" rel=""nofollow"">Twitter Web Client</a>","bork907",0,FALSE,FALSE,NA,NA,"@USAA_help As if lousy auto loan and auto insurance service weren't bad enough, now you people are trying to weasel out on my renters' ins.!",-1,0,0," as if lousy auto loan and auto insurance service werent bad enough now you people are trying to weasel out on my renters ins","1.46871776464786","3.09234031207392","2.06783599555953","1.02547755260094","7.34083555412328","2.78695866252273","sadness","1.03127774142571","26.8423564950873","0.0384197915564697","negative"
"2440","@USAA_help you people SCREW UP everything: my car loan, an auto ins. claim and now a renters' insurance claim! UNSAT!",FALSE,0,"USAA_help","2015-01-25 08:13:13",FALSE,NA,559262704267821056,16274102,"<a href=""http://twitter.com"" rel=""nofollow"">Twitter Web Client</a>","bork907",0,FALSE,FALSE,NA,NA,"@USAA_help you people SCREW UP everything: my car loan, an auto ins. claim and now a renters' insurance claim! UNSAT!",0,0,0," you people screw up everything my car loan an auto ins claim and now a renters insurance claim unsat","1.46871776464786","3.09234031207392","2.06783599555953","1.02547755260094","1.7277074477352","2.78695866252273","unknown","1.03127774142571","17.1191924966825","0.0602410272345239","negative"
"2441","@USAA_help @BlueStarFamily USAA is a bunch of scammers IMO!",FALSE,0,"USAA_help","2015-01-25 08:10:37",FALSE,524575864768712704,559262048425488384,16274102,"<a href=""http://twitter.com"" rel=""nofollow"">Twitter Web Client</a>","bork907",0,FALSE,FALSE,NA,NA,"@USAA_help @BlueStarFamily USAA is a bunch of scammers IMO!",0,0,0,"  usaa is a bunch of scammers imo","1.46871776464786","3.09234031207392","2.06783599555953","1.02547755260094","1.7277074477352","2.78695866252273","unknown","1.03127774142571","0.445453222112551","2.31512017476245","positive"
"2442","@vubui @USAA @USAA_help I mean, he has a beard. @airkareem are we twins?",FALSE,0,"vubui","2015-01-24 08:35:37",FALSE,558901895038001152,558905952263340032,633523,"<a href=""http://tapbots.com/tweetbot"" rel=""nofollow"">Tweetbot for i<U+039F>S</a>","bvp663",0,FALSE,FALSE,NA,NA,"@vubui @USAA @USAA_help I mean, he has a beard. @airkareem are we twins?",0,0,0,"   i mean he has a beard  are we twins","1.46871776464786","3.09234031207392","2.06783599555953","1.02547755260094","1.7277074477352","2.78695866252273","unknown","1.03127774142571","9.47547003995745","0.108836578774127","negative"
"2443","@bvp663 @USAA @USAA_help does he at least look quite similar to you?",FALSE,0,"bvp663","2015-01-24 08:19:30",FALSE,558706146123333632,558901895038001152,19254994,"<a href=""http://twitter.com/download/iphone"" rel=""nofollow"">Twitter for iPhone</a>","vubui",0,FALSE,FALSE,18.03612963,59.3193869,"@bvp663 @USAA @USAA_help does he at least look quite similar to you?",0,0,0,"   does he at least look quite similar to you","1.46871776464786","3.09234031207392","2.06783599555953","1.02547755260094","1.7277074477352","2.78695866252273","unknown","1.03127774142571","8.78232285939751","0.117426534862834","negative"
"2444","@USAA_help Thanks.",FALSE,0,"USAA_help","2015-01-23 20:11:42",FALSE,558718632671584256,558718738334507008,16274102,"<a href=""https://about.twitter.com/products/tweetdeck"" rel=""nofollow"">TweetDeck</a>","grahamcouzens",0,FALSE,FALSE,NA,NA,"@USAA_help Thanks.",0,0,0," thanks","1.46871776464786","3.09234031207392","2.06783599555953","1.02547755260094","1.7277074477352","2.78695866252273","unknown","1.03127774142571","0.445453222112551","2.31512017476245","positive"
"2445","@USAA_help thanks!",FALSE,0,"USAA_help","2015-01-23 19:49:28",FALSE,558710592195010560,558713143564574720,16274102,"<a href=""http://twitter.com/download/iphone"" rel=""nofollow"">Twitter for iPhone</a>","michaelkongking",0,FALSE,FALSE,NA,NA,"@USAA_help thanks!",0,0,0," thanks","1.46871776464786","3.09234031207392","2.06783599555953","1.02547755260094","1.7277074477352","2.78695866252273","unknown","1.03127774142571","0.445453222112551","2.31512017476245","positive"
"2446","@USAA_help nevermind its not you guys, its eneterprise thats messing with me financially.",FALSE,0,"USAA_help","2015-01-23 19:39:30",FALSE,558710407247179776,558710633579823104,16274102,"<a href=""http://twitter.com/download/android"" rel=""nofollow"">Twitter for Android</a>","TheGuyAlex96",0,FALSE,FALSE,NA,NA,"@USAA_help nevermind its not you guys, its eneterprise thats messing with me financially.",-1,0,0," nevermind its not you guys its eneterprise thats messing with me financially","1.46871776464786","3.09234031207392","2.06783599555953","1.02547755260094","1.7277074477352","2.78695866252273","unknown","1.03127774142571","0.445453222112551","2.31512017476245","positive"
"2447","@USAA_help great news, Thx!",FALSE,0,"USAA_help","2015-01-23 19:37:33",FALSE,558709712477507584,558710145757110272,16274102,"<a href=""http://twitter.com/download/iphone"" rel=""nofollow"">Twitter for iPhone</a>","rjp1208",0,FALSE,FALSE,NA,NA,"@USAA_help great news, Thx!",1,0,0," great news thx","1.46871776464786","3.09234031207392","2.06783599555953","7.34083555412328","1.7277074477352","2.78695866252273","joy","9.47547003995745","0.445453222112551","21.2715265477714","positive"
"2448","@USAA_help any plans to support Touch ID authentication in the @USAA iOS app?",FALSE,0,"USAA_help","2015-01-23 19:36:56",FALSE,NA,558709990777565184,16274102,"<a href=""http://twitter.com/download/iphone"" rel=""nofollow"">Twitter for iPhone</a>","michaelkongking",0,FALSE,FALSE,NA,NA,"@USAA_help any plans to support Touch ID authentication in the @USAA iOS app?",1,0,0," any plans to support touch id authentication in the  ios app","1.46871776464786","3.09234031207392","2.06783599555953","1.02547755260094","1.7277074477352","2.78695866252273","unknown","9.47547003995745","9.47547003995745","1","neutral"
"2449","My co-worker was just able to access my @USAA account using the face recognition feature on the mobile app. So far, unimpressed. @USAA_help",FALSE,0,NA,"2015-01-23 19:21:40",FALSE,NA,558706146123333632,NA,"<a href=""http://tapbots.com/software/tweetbot/mac"" rel=""nofollow"">Tweetbot for Mac</a>","bvp663",0,FALSE,FALSE,NA,NA,"My co-worker was just able to access my @USAA account using the face recognition feature on the mobile app. So far, unimpressed. @USAA_help",0,0,0,"my coworker was just able to access my  account using the face recognition feature on the mobile app so far unimpressed ","1.46871776464786","3.09234031207392","2.06783599555953","1.02547755260094","1.7277074477352","2.78695866252273","unknown","32.7286053938729","8.78232285939751","3.72664566286716","positive"
"2450","#Corruption rules #USAA.They're trying to show how 'bad' they can b. #arethereANYbusinessprofessionalsin @USAA @USAA_help #dignity #respect",FALSE,0,NA,"2015-01-23 18:22:22",FALSE,NA,558691222735581184,NA,"<a href=""http://twitter.com"" rel=""nofollow"">Twitter Web Client</a>","tracyelpoured",0,FALSE,FALSE,NA,NA,"#Corruption rules #USAA.They're trying to show how 'bad' they can b. #arethereANYbusinessprofessionalsin @USAA @USAA_help #dignity #respect",0,0,0,"corruption rules usaatheyre trying to show how bad they can b arethereanybusinessprofessionalsin   dignity respect","1.46871776464786","3.09234031207392","2.06783599555953","7.34083555412328","7.34083555412328","2.78695866252273","joy","17.9196623384892","35.1792261323723","0.509381936687895","negative"
"2451","@USAA_help payment billing send it wireless in email just wondering if would ever happen .? RT",FALSE,0,"USAA_help","2015-01-23 18:18:20",FALSE,NA,558690207575179264,16274102,"<a href=""http://twitter.com/download/android"" rel=""nofollow"">Twitter for Android</a>","kp18321",0,FALSE,FALSE,NA,NA,"@USAA_help payment billing send it wireless in email just wondering if would ever happen .? RT",0,0,0," payment billing send it wireless in email just wondering if would ever happen  rt","1.46871776464786","3.09234031207392","2.06783599555953","1.02547755260094","1.7277074477352","2.78695866252273","unknown","17.9196623384892","0.445453222112551","40.2279329207804","positive"
"2452","@USAA_help Everytime I c an app update I keep my fingers crossed it'll enable Touch ID but never does, please bring it to your app!",FALSE,0,"USAA_help","2015-01-23 18:10:43",FALSE,NA,558688290899894272,16274102,"<a href=""http://twitter.com/download/iphone"" rel=""nofollow"">Twitter for iPhone</a>","rjp1208",0,FALSE,FALSE,NA,NA,"@USAA_help Everytime I c an app update I keep my fingers crossed it'll enable Touch ID but never does, please bring it to your app!",0,0,0," everytime i c an app update i keep my fingers crossed itll enable touch id but never does please bring it to your app","1.46871776464786","3.09234031207392","2.06783599555953","7.34083555412328","1.7277074477352","2.78695866252273","joy","17.2265151579293","9.47547003995745","1.81801167491282","neutral"
"2453","@AskADT It was solved, thanks! The technician came out and was GREAT. Love having service through @USAA_help. It's like a AE Black card :)",FALSE,0,"AskADT","2015-01-23 18:05:44",FALSE,556445917558349824,558687036635230208,546044555,"<a href=""http://twitter.com"" rel=""nofollow"">Twitter Web Client</a>","c_lewisbrown",0,FALSE,FALSE,NA,NA,"@AskADT It was solved, thanks! The technician came out and was GREAT. Love having service through @USAA_help. It's like a AE Black card :)",3,1,0," it was solved thanks the technician came out and was great love having service through  its like a ae black card ","1.46871776464786","3.09234031207392","2.06783599555953","19.9715515571679","1.7277074477352","2.78695866252273","joy","26.3638546370209","8.78232285939751","3.00192273264133","positive"
"2454","@USAA_help Not at all!!! I thank you for being vigilant. Better safe than sorry.",FALSE,0,"USAA_help","2015-01-23 17:45:14",FALSE,558681566768271360,558681878128238592,16274102,"<a href=""http://twitter.com/download/iphone"" rel=""nofollow"">Twitter for iPhone</a>","SrGaia",0,FALSE,FALSE,NA,NA,"@USAA_help Not at all!!! I thank you for being vigilant. Better safe than sorry.",3,1,0," not at all i thank you for being vigilant better safe than sorry","1.46871776464786","3.09234031207392","2.06783599555953","1.02547755260094","7.34083555412328","2.78695866252273","sadness","33.4217525744328","9.47547003995745","3.52718677105151","positive"
"2455","@USAA_help figures, still want to talk privately/brush us off again, read up on New Jersey Mortgage Processing Regulation N.J.A.C. 3:1-16.",FALSE,0,"USAA_help","2015-01-23 17:39:26",FALSE,558675542606888960,558680418359447552,16274102,"<a href=""http://twitter.com"" rel=""nofollow"">Twitter Web Client</a>","charthawk",0,FALSE,FALSE,NA,NA,"@USAA_help figures, still want to talk privately/brush us off again, read up on New Jersey Mortgage Processing Regulation N.J.A.C. 3:1-16.",0,0,0," figures still want to talk privatelybrush us off again read up on new jersey mortgage processing regulation njac 3116","1.46871776464786","3.09234031207392","2.06783599555953","1.02547755260094","1.7277074477352","2.78695866252273","unknown","9.47547003995745","0.445453222112551","21.2715265477714","positive"
"2456","RT @USAA_help: @ Thank you for the shout out, but most of all, thank you for being a member!",FALSE,0,NA,"2015-01-23 17:29:13",FALSE,NA,558677849931276288,NA,"<a href=""http://twitter.com/download/android"" rel=""nofollow"">Twitter for Android</a>","airframer99",1,TRUE,FALSE,NA,NA,"RT @USAA_help: @ Thank you for the shout out, but most of all, thank you for being a member!",2,1,0,"  thank you for the shout out but most of all thank you for being a member","1.46871776464786","3.09234031207392","2.06783599555953","1.02547755260094","1.7277074477352","2.78695866252273","unknown","9.47547003995745","0.445453222112551","21.2715265477714","positive"
"2457","“@USAA_help: @mccaffrey_61 How cool! Thanks for sharing with us, and have a great weekend :)” you too!",FALSE,0,"USAA_help","2015-01-23 17:18:38",FALSE,558675065521594368,558675183343767552,16274102,"<a href=""http://twitter.com/#!/download/ipad"" rel=""nofollow"">Twitter for iPad</a>","mccaffrey_61",0,FALSE,FALSE,NA,NA,"“@USAA_help: @mccaffrey_61 How cool! Thanks for sharing with us, and have a great weekend :)” you too!",2,1,0,"“  how cool thanks for sharing with us and have a great weekend ” you too","1.46871776464786","3.09234031207392","2.06783599555953","7.34083555412328","1.7277074477352","2.78695866252273","joy","9.47547003995745","0.445453222112551","21.2715265477714","positive"
"2458","@USAA_help privately lobbying for my $300 didn't work, so let's keep discussion public, switched lenders 4 better rate and customer service.",FALSE,0,"USAA_help","2015-01-23 16:07:31",FALSE,558376425758420992,558657288626778112,16274102,"<a href=""http://twitter.com"" rel=""nofollow"">Twitter Web Client</a>","charthawk",0,FALSE,FALSE,NA,NA,"@USAA_help privately lobbying for my $300 didn't work, so let's keep discussion public, switched lenders 4 better rate and customer service.",2,1,0," privately lobbying for my 300 didnt work so lets keep discussion public switched lenders 4 better rate and customer service","1.46871776464786","3.09234031207392","2.06783599555953","1.02547755260094","1.7277074477352","2.78695866252273","unknown","17.9196623384892","0.445453222112551","40.2279329207804","positive"
"2459","@USAA_help concerns were that we asked for mortgage app. refund back in May 2014-still not received, been customer for 17 years=bad business",FALSE,0,"USAA_help","2015-01-23 16:03:51",FALSE,558376425758420992,558656363501719552,16274102,"<a href=""http://twitter.com"" rel=""nofollow"">Twitter Web Client</a>","charthawk",0,FALSE,FALSE,NA,NA,"@USAA_help concerns were that we asked for mortgage app. refund back in May 2014-still not received, been customer for 17 years=bad business",0,0,0," concerns were that we asked for mortgage app refund back in may 2014still not received been customer for 17 yearsbad business","1.46871776464786","3.09234031207392","2.06783599555953","1.02547755260094","1.7277074477352","2.78695866252273","unknown","8.78232285939751","9.47547003995745","0.926848253686942","negative"
"2460","@USAA_help Much appreciated. USAA excels in all other respects, but the web interface and iOS app need equal, if not additional attn., IMO.",FALSE,0,"USAA_help","2015-01-23 15:57:53",FALSE,558647724942565376,558654863102709760,16274102,"<a href=""http://tapbots.com/tweetbot"" rel=""nofollow"">Tweetbot for i<U+039F>S</a>","StillUpMySleeve",0,FALSE,FALSE,NA,NA,"@USAA_help Much appreciated. USAA excels in all other respects, but the web interface and iOS app need equal, if not additional attn., IMO.",2,1,0," much appreciated usaa excels in all other respects but the web interface and ios app need equal if not additional attn imo","1.46871776464786","3.09234031207392","2.06783599555953","7.34083555412328","1.7277074477352","2.78695866252273","joy","8.78232285939751","8.78232285939751","1","neutral"
"2461","@USAA_help Whats the best way to send an email of gratitude to some USAA staff and their bosses for assisting me with a recent issue.",FALSE,0,"USAA_help","2015-01-23 00:18:14",FALSE,NA,558418394018377728,16274102,"<a href=""http://twitter.com"" rel=""nofollow"">Twitter Web Client</a>","dat504life",0,FALSE,FALSE,NA,NA,"@USAA_help Whats the best way to send an email of gratitude to some USAA staff and their bosses for assisting me with a recent issue.",1,0,0," whats the best way to send an email of gratitude to some usaa staff and their bosses for assisting me with a recent issue","1.46871776464786","3.09234031207392","2.06783599555953","1.02547755260094","1.7277074477352","2.78695866252273","unknown","17.9196623384892","9.47547003995745","1.89116342122587","neutral"
"2462","@USAA_help all situated now :) Thank you for your help!",FALSE,0,"USAA_help","2015-01-22 22:21:35",FALSE,558319956706983936,558389035404492800,16274102,"<a href=""http://twitter.com"" rel=""nofollow"">Twitter Web Client</a>","BreeAea",0,FALSE,FALSE,NA,NA,"@USAA_help all situated now :) Thank you for your help!",1,0,0," all situated now  thank you for your help","1.46871776464786","3.09234031207392","2.06783599555953","1.02547755260094","1.7277074477352","2.78695866252273","unknown","17.2265151579293","0.445453222112551","38.6718836070664","positive"
"2463","@USAA_help I need to access my online account but have been locked out. Instructions were to call the 800 # but it seems to be temp down.",FALSE,0,"USAA_help","2015-01-22 17:30:07",FALSE,558314174091362304,558315685797830656,16274102,"<a href=""http://twitter.com"" rel=""nofollow"">Twitter Web Client</a>","BreeAea",0,FALSE,FALSE,NA,NA,"@USAA_help I need to access my online account but have been locked out. Instructions were to call the 800 # but it seems to be temp down.",0,0,0," i need to access my online account but have been locked out instructions were to call the 800  but it seems to be temp down","7.34083555412328","3.09234031207392","2.06783599555953","1.02547755260094","1.7277074477352","2.78695866252273","anger","8.78232285939751","26.1492093145274","0.33585424147102","negative"
"2464","@USAA_help Hi. I can't get through to customer service on the phone. Are you still replying here on Twitter? cc:@USAA",FALSE,0,"USAA_help","2015-01-22 17:21:19",FALSE,NA,558313471985475584,16274102,"<a href=""http://twitter.com"" rel=""nofollow"">Twitter Web Client</a>","BreeAea",0,FALSE,FALSE,NA,NA,"@USAA_help Hi. I can't get through to customer service on the phone. Are you still replying here on Twitter? cc:@USAA",0,0,0," hi i cant get through to customer service on the phone are you still replying here on twitter cc","1.46871776464786","3.09234031207392","2.06783599555953","1.02547755260094","7.34083555412328","7.34083555412327","sadness","1.03127774142571","9.47547003995745","0.108836578774127","negative"
"2465","@USAA_help No I tried - despite my service, my 25+ years w/USAA my interest rate higher than anyone on RV blog — no faith, humanity anymore",FALSE,0,"USAA_help","2015-01-22 14:28:25",FALSE,558268857568468992,558269961467338752,16274102,"<a href=""https://about.twitter.com/products/tweetdeck"" rel=""nofollow"">TweetDeck</a>","bauernfeind",0,FALSE,FALSE,NA,NA,"@USAA_help No I tried - despite my service, my 25+ years w/USAA my interest rate higher than anyone on RV blog — no faith, humanity anymore",1,0,0," no i tried  despite my service my 25 years wusaa my interest rate higher than anyone on rv blog — no faith humanity anymore","7.34083555412328","3.09234031207392","2.06783599555953","7.34083555412328","1.7277074477352","2.78695866252273","anger","24.9775602759011","9.47547003995745","2.63602334982563","positive"
"2466","@USAA_help Many thanks. I'll keep that in mind next time I'm ready to drive 434 miles to the nearest deposit taking ATM. #Unacceptable",FALSE,0,"USAA_help","2015-01-21 23:24:38",FALSE,557990405917392896,558042516038385664,16274102,"<a href=""http://twitter.com"" rel=""nofollow"">Twitter Web Client</a>","bumblemaps",0,FALSE,FALSE,NA,NA,"@USAA_help Many thanks. I'll keep that in mind next time I'm ready to drive 434 miles to the nearest deposit taking ATM. #Unacceptable",0,0,0," many thanks ill keep that in mind next time im ready to drive 434 miles to the nearest deposit taking atm unacceptable","1.46871776464786","3.09234031207392","2.06783599555953","1.02547755260094","1.7277074477352","2.78695866252273","unknown","16.5333679773693","26.1492093145274","0.632270283147112","negative"
"2467","@USAA_help will do. Thanks!",FALSE,0,"USAA_help","2015-01-21 22:03:14",FALSE,558017889241145344,558022031649013760,16274102,"<a href=""http://twitter.com/download/iphone"" rel=""nofollow"">Twitter for iPhone</a>","PaWeWu",0,FALSE,FALSE,NA,NA,"@USAA_help will do. Thanks!",0,0,0," will do thanks","1.46871776464786","3.09234031207392","2.06783599555953","1.02547755260094","1.7277074477352","2.78695866252273","unknown","9.47547003995745","0.445453222112551","21.2715265477714","positive"
"2468","@USAA_help # has been emailed",FALSE,0,"USAA_help","2015-01-21 21:17:29",FALSE,558010155665997824,558010519513464832,16274102,"<a href=""http://twitter.com"" rel=""nofollow"">Twitter Web Client</a>","knockoutradio",0,FALSE,FALSE,NA,NA,"@USAA_help # has been emailed",0,0,0,"  has been emailed","1.46871776464786","3.09234031207392","2.06783599555953","1.02547755260094","1.7277074477352","2.78695866252273","unknown","1.03127774142571","0.445453222112551","2.31512017476245","positive"
"2469","@USAA_help Thanks for the auto replay. I might let my attorney do that here shortly.",FALSE,0,"USAA_help","2015-01-21 17:50:26",FALSE,557957896315895808,557958413553242112,16274102,"<a href=""http://twitter.com/download/iphone"" rel=""nofollow"">Twitter for iPhone</a>","PBbboese",0,FALSE,FALSE,NA,NA,"@USAA_help Thanks for the auto replay. I might let my attorney do that here shortly.",0,0,0," thanks for the auto replay i might let my attorney do that here shortly","1.46871776464786","3.09234031207392","2.06783599555953","1.02547755260094","1.7277074477352","2.78695866252273","unknown","9.47547003995745","0.445453222112551","21.2715265477714","positive"
"2471","@USAA_help thanks. I was able to use the iPad app instead. I do think your iPhone app could use an update. Thanks though!",FALSE,0,"USAA_help","2015-01-21 15:34:19",FALSE,557919606749556736,557924156843380736,16274102,"<a href=""http://twitter.com"" rel=""nofollow"">Twitter Web Client</a>","JoeMcCann3",0,FALSE,FALSE,NA,NA,"@USAA_help thanks. I was able to use the iPad app instead. I do think your iPhone app could use an update. Thanks though!",0,0,0," thanks i was able to use the ipad app instead i do think your iphone app could use an update thanks though","1.46871776464786","3.09234031207392","2.06783599555953","1.02547755260094","1.7277074477352","2.78695866252273","unknown","17.2265151579293","0.445453222112551","38.6718836070664","positive"
"2472","@USAA_help Thanks! I could go on all day with story after story but you guys truly do offer an amazing banking experience!",FALSE,0,"USAA_help","2015-01-21 15:24:19",FALSE,557921124538146816,557921640634667008,16274102,"<a href=""http://twitter.com"" rel=""nofollow"">Twitter Web Client</a>","desantis",0,FALSE,FALSE,NA,NA,"@USAA_help Thanks! I could go on all day with story after story but you guys truly do offer an amazing banking experience!",1,0,0," thanks i could go on all day with story after story but you guys truly do offer an amazing banking experience","1.46871776464786","3.09234031207392","2.06783599555953","1.02547755260094","1.7277074477352","7.34083555412327","surprise","25.670707456461","0.445453222112551","57.6282899800754","positive"
"2473","@ADTstaysafe @USAA_help Loyal, 20 plus year customer befuddled over one week wait to have tech trouble shoot/repair home alarm system!",FALSE,0,"ADT","2015-01-21 11:01:26",FALSE,NA,557855484238397440,86143723,"<a href=""http://twitter.com/download/iphone"" rel=""nofollow"">Twitter for iPhone</a>","NescitOccasum",0,FALSE,FALSE,NA,NA,"@ADTstaysafe @USAA_help Loyal, 20 plus year customer befuddled over one week wait to have tech trouble shoot/repair home alarm system!",-1,0,0,"  loyal 20 plus year customer befuddled over one week wait to have tech trouble shootrepair home alarm system","1.46871776464786","3.09234031207392","7.34083555412328","1.02547755260094","1.7277074477352","2.78695866252273","fear","17.2265151579293","17.1191924966825","1.00626914273366","neutral"
"2474","@USAA_help Do you have a ph# not customer serve, this issue still isn't resolved. WORST BANK EVER, STEALS MONEY FROM VETS! SHADY and ILLEGAL",FALSE,0,"USAA_help","2015-01-21 06:50:37",FALSE,557256439614681088,557792364023255040,16274102,"<a href=""http://twitter.com"" rel=""nofollow"">Twitter Web Client</a>","SupernovaFilms",0,FALSE,FALSE,NA,NA,"@USAA_help Do you have a ph# not customer serve, this issue still isn't resolved. WORST BANK EVER, STEALS MONEY FROM VETS! SHADY and ILLEGAL",-5,0,1," do you have a ph not customer serve this issue still isnt resolved worst bank ever steals money from vets shady and illegal","1.46871776464786","3.09234031207392","2.06783599555953","1.02547755260094","1.7277074477352","2.78695866252273","unknown","17.2265151579293","35.1792261323723","0.489678627184958","negative"
